ああっ女神さまっ,0,0
アイアンマン,0,0
あいうら,0,0
アイカツスターズ!,0,1
アイシールド21,0,0
愛してナイト,0,0
愛してるぜベイベ★★,0,0
愛少女ポリアンナ物語,0,0
愛天使伝説ウェディングピーチ,0,0
アイドリッシュセブン,0,0
アイドル天使ようこそようこ,0,0
アイドル伝説えり子,0,0
愛の学校クオレ物語,0,0
愛の戦士レインボーマン,0,0
愛の若草物語,0,0
あぃまぃみぃ!ストロベリー・エッグ,0,0
藍より青し,0,0
藍より青し～縁～,0,0
アウトブレイク・カンパニー,0,0
蒼い世界の中心で,0,0
青いブリンク,0,0
蒼き伝説シュート!,0,0
蒼き流星SPTレイズナー,0,0
青の祓魔師,0,1
アオハライド,0,0
青春×機関銃,0,0
赤い光弾ジリオン,0,0
赤髪の白雪姫,0,0
赤き血のイレブン,0,0
赤毛のアン,0,0
アガサ・クリスティーの名探偵ポワロとマープル,0,0
赤ずきんチャチャ,0,0
赤ちゃんと僕,0,0
暁のヨナ,0,0
あかね色に染まる坂,0,0
あかねさす少女,0,0
あかほり外道アワーらぶげ,0,0
アカメが斬る!,0,0
アキカン!,0,0
アキハバラ電脳組,0,0
亜空大作戦スラングル,0,0
アクセル・ワールド,0,0
惡の華,0,0
悪魔くん,0,0
悪魔のリドル,0,0
朝霧の巫女,0,0
あさっての方向。,0,0
あさりちゃん,0,0
あしたのジョー,0,0
明日のナージャ,0,0
あしたの勇者たち,0,0
あしたへアタック!,0,0
あしたへフリーキック,0,0
あずきちゃん,0,0
アスタロッテのおもちゃ!,0,0
アストロガンガー,0,0
明日のよいち!,0,0
アスラクライン,0,0
あそびあそばせ,0,0
アスラクライン2,0,0
アソボット戦記五九,0,0
あたしンち,0,0
アタッカーYOU!,0,0
アタックNo.1,0,0
あっちこっち,0,0
アニマエール!,0,0
アニマル横町,0,0
アニマル1,0,0
アニメ親子劇場,0,0
アニメガタリズ,0,0
アニメ三銃士,0,0
あの夏で待ってる,0,0
あの日見た花の名前を僕達はまだ知らない。,0,1
アパッチ野球軍,0,0
あはれ!名作くん,0,0
暴れん坊力士!!松太郎,0,0
アブソリュート・デュオ,0,0
アフロサムライ,0,0
アベノ橋魔法☆商店街,0,0
アホガール,0,0
甘々と稲妻,0,0
あまえないでよっ!!,0,0
あまえないでよっ!!喝!!,0,0
アマガミSS,0,1
甘城ブリリアントパーク,0,0
あまつき,0,0
雨色ココア,0,0
妖しのセレス,0,0
あらいぐまラスカル,0,0
アラタカンガタリ～革神語～,0,0
荒ぶる季節の乙女どもよ。,0,0
アリスSOS,0,0
アリス探偵局,0,0
ありふれた職業で世界最強,0,0
アルジェントソーマ,0,0
アルスラーン戦記,0,1
アレクサンダー戦記,0,0
暗殺教室,0,1
アンジュ・ヴィエルジュ,0,0
アンデス少年ペペロの冒険,0,0
あんハピ♪,0,0
あんみつ姫,0,0
イーグルサム,1,0
家なき子レミ,1,0
伊賀野カバ丸,1,0
いきなりダゴン,1,0
行け!稲中卓球部,1,0
イケてる2人,1,0
石田とあさくら,1,0
異世界かるてっと,1,1
異世界かるてっと2,1,1
異世界食堂,1,0
異世界チート魔術師,1,0
異世界はスマートフォンとともに。,1,0
異世界魔王と召喚少女の奴隷魔術,1,0
イタズラなKiss,1,0
苺ましまろ,1,1
いちばんうしろの大魔王,1,0
いつか天魔の黒ウサギ,1,0
一騎当千,1,1
一休さん,1,0
一球さん,1,0
一週間フレンズ。,1,0
一発貫太くん,1,0
いなかっぺ大将,1,0
イナズマイレブン,1,0
いなり、こんこん、恋いろは。,1,0
いぬかみっ!,1,0
犬神さんと猫山さん,1,0
犬とハサミは使いよう,1,0
妖狐×僕SS,1,1
犬夜叉,1,1
異能バトルは日常系のなかで,1,0
イノセント・ヴィーナス,1,0
今、そこにいる僕,1,0
妹さえいればいい。,1,0
11eyes,1,0
色づく世界の明日から,1,0
ヴァイオレット・エヴァーガーデン,2,1
ヴァイスクロイツ,2,0
ヴァンドレッド,2,0
ヴァンパイア騎士,2,0
ウィッチクラフトワークス,2,0
ウィッチハンターロビン,2,0
ヴィンランド・サガ,2,0
うーさーのその日暮らし,2,0
うえきの法則,2,0
上野さんは不器用,2,0
うさぎドロップ,2,0
失われた未来を求めて,2,0
うた∽かた,2,0
うたわれるもの,2,0
うちの3姉妹,2,0
うちの娘の為ならば、俺はもしかしたら魔王も倒せるかもしれない。,2,0
うちのメイドがウザすぎる!,2,0
宇宙エース,2,0
宇宙海賊キャプテンハーロック,2,0
宇宙海賊ミトの大冒険,2,0
宇宙兄弟,2,1
宇宙空母ブルーノア,2,0
宇宙戦艦ティラミス,2,0
宇宙戦艦ティラミスII,2,0
宇宙戦艦ヤマト,2,0
宇宙戦艦ヤマト2,2,0
宇宙戦艦ヤマトIII,2,0
宇宙戦艦ヤマト2199,2,0
宇宙船サジタリウス,2,0
宇宙戦士バルディオス,2,0
宇宙大帝ゴッドシグマ,2,0
宇宙の騎士テッカマン,2,0
宇宙の騎士テッカマンブレード,2,0
宇宙のステルヴィア,2,0
宇宙パトロールルル子,2,0
宇宙魔神ダイケンゴー,2,0
有頂天家族,2,0
有頂天家族2,2,0
うどんの国の金色毛鞠,2,0
うぽって!!,2,0
うみねこのなく頃に,2,0
海のトリトン,2,0
ウメ星デンカ,2,0
裏切りは僕の名前を知っている,2,0
浦安鉄筋家族,2,0
うらら迷路帖,2,0
浦和の調ちゃん,2,0
ウリクペン救助隊,2,0
うる星やつら,2,1
ウルトラB,2,0
ウルトラマニアック,2,0
エア・ギア,3,1
エアマスター,3,0
英国一家、日本を食べる,3,0
18if,3,0
エイトマン,3,0
エースをねらえ!,3,0
エガオノダイカ,3,0
エスパー魔美,3,0
エックスメン,3,0
エデンズボゥイ,3,0
えとたま,3,0
えむえむっ!,3,0
エリアの騎士,3,0
エル・カザド,3,0
エルフェンリート,3,0
エルフを狩るモノたち,3,0
エルフを狩るモノたちII,3,0
エルドライブ,3,0
エレメントハンター,3,0
エロマンガ先生,3,0
炎炎ノ消防隊,3,1
エンジェル・ハート,3,0
エンドライド,3,0
えんどろ?!,3,0
縁結びの妖狐ちゃん,3,0
美味しんぼ,4,0
黄金戦士ゴールドライタン,4,0
黄金勇者ゴルドラン,4,0
王ドロボウJING,4,0
桜蘭高校ホスト部,4,0
お～い!竜馬,4,0
大江戸ロケット,4,0
おおかみかくし,4,0
オオカミさんと七人の仲間たち,4,0
オオカミ少女と黒王子,4,0
狼少年ケン,4,0
狼と香辛料,4,1
おおきく振りかぶって,4,0
おくさまが生徒会長!,4,0
おくさまは女子高生,4,0
奥さまは魔法少女,4,0
お酒は夫婦になってから,4,0
おじさんとマシュマロ,4,0
おジャ魔女どれみ,4,1
おじゃまんが山田くん,4,0
おじゃる丸,4,0
おしりかじり虫,4,0
おしりたんてい,4,0
織田信奈の野望,4,0
おちゃめ神物語コロコロポロン,4,0
おでんくん,4,0
男どアホウ甲子園,4,0
おにいさまへ…,4,0
お兄ちゃんだけど愛さえあれば関係ないよねっ,4,0
お兄ちゃんのことなんかぜんぜん好きじゃないんだからねっ!!,4,0
お姉ちゃんが来た,4,0
おねがい!サミアどん,4,0
おねがい☆ティーチャー,4,0
おねがい☆ツインズ,4,0
新オバケのQ太郎,4,0
おばけのホーリー,4,0
おはよう!スパンク,4,0
お前はまだグンマを知らない,4,0
おまかせスクラッパーズ,4,0
おまかせ!みらくるキャット団,4,0
おまもりひまり,4,0
想いのかけら,4,0
親指トム,4,0
おやゆび姫物語,4,0
オヨネコぶーにゃん,4,0
俺がお嬢様学校に「庶民サンプル」としてゲッツされた件,4,0
俺が好きなのは妹だけど妹じゃない,4,0
オレカバトル,4,0
俺たちに翼はない,4,0
俺、ツインテールになります。,4,0
俺の妹がこんなに可愛いわけがない,4,1
俺の脳内選択肢が、学園ラブコメを全力で邪魔している,4,0
おれは直角,4,0
おれは鉄兵,4,0
俺物語!!,4,0
俺を好きなのはお前だけかよ,4,0
オレん家のフロ事情,4,0
終わりのセラフ,4,1
陰陽大戦記,4,0
カードキャプターさくら,5,1
ガーリー・エアフォース,5,0
ガーリッシュナンバー,5,0
ガールズ&パンツァー,5,1
ガールフレンド（仮）,5,0
快傑蒸気探偵団,5,0
かいけつゾロリ,5,0
ガイストクラッシャー,5,0
海賊王子,5,0
会長はメイド様!,5,0
海底少年マリン,5,0
海底超特急マリンエクスプレス,5,0
カイトアンサ,5,0
怪盗ジョーカー,5,0
怪盗セイント・テール,5,0
怪盗プライド,5,0
怪盗レーニャ,5,0
カイバ,5,0
怪物王女,5,0
カウボーイビバップ,5,0
ガヴリールドロップアウト,5,0
科学救助隊テクノボイジャー,5,0
科学忍者隊ガッチャマン,5,0
科学忍者隊ガッチャマンII,5,0
科学冒険隊タンサー5,5,0
がきデカ,5,0
下級生2～瞳の中の少女たち～,5,0
学園アリス,5,0
学園戦記ムリョウ,5,0
学戦都市アスタリスク,5,0
学園ハンサム,5,0
学園ベビーシッターズ,5,0
格闘料理伝説ビストロレシピ,5,0
革命機ヴァルヴレイヴ,5,0
かぐや様は告らせたい～天才たちの恋愛頭脳戦～,5,1
かくりよの宿飯,5,0
陰からマモル!,5,0
賭ケグルイ,5,1
ガサラキ,5,0
樫の木モック,5,0
カスミン,5,0
風が強く吹いている,5,0
風の少女エミリー,5,0
風の聖痕,5,0
風まかせ月影蘭,5,0
刀語,5,0
ガタピシ,5,0
課長王子,5,0
ガッ活!,5,0
学級王ヤマザキ,5,0
がっこうぐらし!,5,0
合身戦隊メカンダーロボ,5,0
家庭教師ヒットマンREBORN!,5,0
彼方のアストラ,5,0
かなめも,5,1
かのこん,5,0
彼女がフラグをおられたら,5,0
歌舞伎町シャーロック,5,0
カブキブ!,5,0
神風怪盗ジャンヌ,5,0
神々の悪戯,5,0
神様家族,5,0
神様ドォルズ,5,0
神さまのいない日曜日,5,0
神様のメモ帳,5,0
神様はじめました,5,0
神様はじめました◎,5,0
かみちゃまかりん,5,0
かみちゅ!,5,0
かみなり坊やピッカリ・ビー,5,0
神のみぞ知るセカイ,5,1
仮面の忍者赤影,5,0
仮面のメイドガイ,5,0
カラオケ戦士マイク次郎,5,0
からかい上手の高木さん,5,1
からくり剣豪伝ムサシロード,5,0
からくりサーカス,5,1
ガラスの仮面ですが,5,0
ガラスの艦隊,5,0
空手バカ一代,5,0
かりあげクン,5,0
ガリレイドンナ,5,0
喰霊―零―,5,0
カレイドスター,5,0
彼氏彼女の事情,5,0
ガン×ソード,5,0
監督不行届,5,0
ガンとゴン,5,0
神無月の巫女,5,0
ガンバの冒険,5,0
ガンバリスト!駿,5,0
ガンパレード・オーケストラ,5,0
がんばれ!キッカーズ,5,0
がんばれ元気,5,0
がんばれゴエモン,5,0
ギヴン,6,0
機甲界ガリアン,6,0
機甲警察メタルジャック,6,0
機甲戦記ドラグナー,6,0
奇鋼仙女ロウラン,6,0
機甲創世記モスピーダ,6,0
きこちゃんすまいる,6,0
寄宿学校のジュリエット,6,0
機神大戦ギガンティック・フォーミュラ,6,0
機神咆吼デモンベイン,6,0
鬼神童子ZENKI,6,0
キズナイーバー,6,0
帰宅部活動記録,6,0
キテレツ大百科,6,0
機動警察パトレイバー,6,0
機動戦艦ナデシコ,6,0
機動戦士ガンダム,6,1
機動武闘伝Gガンダム,6,1
機動新世紀ガンダムX,6,1
機動戦士ガンダムSEED,6,1
機動戦士ガンダムAGE,6,1
ガンダムビルドファイターズ,6,0
ガンダムビルドファイターズトライ,6,0
ガンダムさん,6,0
ガンダムビルドダイバーズ,6,0
機動天使エンジェリックレイヤー,6,0
きまぐれオレンジ☆ロード,6,0
君が主で執事が俺で,6,0
君が望む永遠,6,0
君と僕。,6,0
君と僕。2,6,0
君に届け,6,0
君のいる町,6,0
鬼滅の刃,6,1
キャッ党忍伝てやんでえ,6,0
キャプテン・アース,6,0
キャプテン翼,6,0
キャプテン・フューチャー,6,0
ギャラリーフェイク,6,0
キャロル&チューズデイ,6,0
キャンディ・キャンディ,6,0
キューティーハニー,6,0
キューティーハニーF,6,0
キューティクル探偵因幡,6,0
救命戦士ナノセイバー,6,0
境界線上のホライゾン,6,0
境界の彼方,6,0
境界のRINNE,6,0
京四郎と永遠の空,6,0
京騒戯画,6,0
京都寺町三条のホームズ,6,0
今日の5の2,6,0
きょうふのキョーちゃん,6,0
強殖装甲ガイバー,6,0
仰天人間バトシーラー,6,0
狂乱家族日記,6,0
恐竜冒険記ジュラトリッパー,6,0
恐竜惑星,6,0
巨人の星,6,0
新巨人の星,6,0
キリンあしたのカレンダー,6,0
キリングバイツ,6,0
ギルティクラウン,6,0
キルラキル,6,1
銀色のオリンシス,6,0
きんいろモザイク,6,0
ハロー!!きんいろモザイク,6,0
銀河疾風サスライガー,6,0
銀河戦国群雄伝ライ,6,0
銀河旋風ブライガー,6,0
銀河鉄道物語,6,0
銀牙伝説WEED,6,0
銀河漂流バイファム,6,0
銀河漂流バイファム13,6,0
銀河へキックオフ!!,6,0
銀河烈風バクシンガー,6,0
ぎんぎつね,6,0
緊急発進セイバーキッズ,6,0
きんぎょ注意報!,6,0
銀装騎攻オーディアン,6,0
金田一少年の事件簿,6,0
金田一少年の事件簿R,6,0
銀魂,6,1
キン肉マン,6,1
キン肉マンII世,6,1
銀盤カレイドスコープ,6,0
吟遊黙示録マイネリーベ,6,0
金夜、安部礼司～平均的サラリーマンの異常な日常～,6,0
空戦魔導士候補生の教官,7,0
空想科学世界ガリバーボーイ,7,0
クオリディア・コード,7,0
くじびきアンバランス,7,0
クズの本懐,7,0
クッキングパパ,7,0
くつだる。,7,0
国松さまのお通りだい,7,0
クマのプー太郎,7,0
わんぱく大昔クムクム,7,0
海月姫,7,0
グラスリップ,7,0
グラゼニ,7,0
激闘!クラッシュギアTURBO,7,0
クラッシュギアNitro,7,0
暗闇三太,7,0
グランクレスト戦記,7,0
ぐらんぶる,7,0
グランベルム,7,0
グリザイアの果実,7,0
ぐるぐるタウンはなまるくん,7,0
グレートマジンガー,7,0
クレヨンしんちゃん,7,0
グロイザーX,7,0
黒子のバスケ,7,1
黒執事,7,1
クロスゲーム,7,0
クロノクルセイド,7,0
黒魔女さんが通る!!,7,0
群青のマグメル,7,0
けいおん!,8,1
けいおん!!,8,1
ケータイ少女,8,0
ゲートキーパーズ,8,0
ゲームセンターあらし,8,0
激走!ルーベンカイザー,8,0
墓場鬼太郎,8,0
血液型くん!,8,0
血液型くん!2,8,0
結界師,8,1
血界戦線,8,0
月刊少女野崎くん,8,0
ゲッターロボ,8,0
ゲッターロボG,8,0
ゲッターロボ號,8,0
月面兎兵器ミーナ,8,0
ケムリクサ,8,0
ケメコデラックス!,8,0
ケモノヅメ,8,0
けものフレンズ,8,0
けものフレンズ2,8,0
ケロケロちゃいむ,8,0
けろっこデメタン,8,0
ケロロ軍曹,8,0
幻影ヲ駆ケル太陽,8,0
げんきげんきノンタン,8,0
元気爆発ガンバルガー,8,0
げんしけん,8,0
ゲンジ通信あげだま,8,0
賢者の孫,8,1
ベルセルク,27,0
けんぷファー,8,0
剣勇伝説YAIBA,8,0
恋風,9,0
こいこい7,9,0
恋と選挙とチョコレート,9,0
恋は雨上がりのように,9,0
紅殻のパンドラ,9,0
鋼殻のレギオス,9,0
剛Q超児イッキマン,9,0
交響詩篇エウレカセブン,9,1
エウレカセブンAO,9,1
光速電神アルベガス,9,0
鋼鉄三国志,9,0
鋼鉄ジーグ,9,0
鋼鉄神ジーグ,9,0
甲鉄城のカバネリ,9,0
鋼鉄天使くるみ,9,0
幸腹グラフィティ,9,0
荒野のコトブキ飛行隊,9,0
荒野の少年イサム,9,0
ゴーゴー五つ子ら・ん・ど,9,0
ゴーストハント,9,0
コードギアス 反逆のルルーシュ,9,1
ゴールデンカムイ,9,1
ご近所物語,9,0
極黒のブリュンヒルデ,9,0
極上生徒会,9,0
極上!!めちゃモテ委員長,9,0
ごくせん,9,0
ゴクドーくん漫遊記,9,0
ココロコネクト,9,0
ココロ図書館,9,0
ご愁傷さま二ノ宮くん,9,0
ご注文はうさぎですか?,9,0
こちら葛飾区亀有公園前派出所,9,0
ゴッドイーター,9,0
ゴッドマジンガー,9,0
こっちむいて!みい子,9,0
こてんこてんこ,9,0
五等分の花嫁,9,1
琴浦さん,9,0
こどものおもちゃ,9,0
こどものじかん,9,0
この音とまれ!,9,0
この素晴らしい世界に祝福を!,9,1
この男子、魔法がお仕事です。,9,0
この中に1人、妹がいる!,9,0
このはな綺譚,9,0
この美術部には問題がある!,9,0
この醜くも美しい世界,9,0
こばと。,9,0
小林さんちのメイドラゴン,9,0
ごはんかいじゅうパップ,9,0
ゴブリンスレイヤー,9,1
コボちゃん,9,0
こみっくがーるず,9,0
こみっくパーティー,9,0
こみっくパーティーRevolution,9,0
コメット・ルシファー,9,0
小森さんは断れない!,9,0
これが私の御主人様,9,0
コレクター・ユイ,9,0
これはゾンビですか?,9,0
ゴルゴ13,9,0
殺し屋さん,9,0
コロッケ!,9,0
コンクリート・レボルティオ～超人幻想～,9,0
コンビニカレシ,9,0
サークレット・プリンセス,10,0
サーバント×サービス,10,0
彩雲国物語,10,0
斉木楠雄のΨ難,10,0
最近、妹のようすがちょっとおかしいんだが。,10,0
サイコアーマー・ゴーバリアン,10,0
最弱無敗の神装機竜,10,0
最終兵器彼女,10,0
サイボーグクロちゃん,10,0
サイボットロボッチ,10,0
サイレントメビウス,10,0
冴えない彼女の育てかた,10,0
冴えない彼女の育てかた♭,10,0
The・かぼちゃワイン,10,0
坂道のアポロン,10,0
坂本ですが?,10,0
魁!!クロマティ高校,10,0
さくら荘のペットな彼女,10,0
サクラクエスト,10,0
サクラ大戦TV,10,0
サクラダリセット,10,0
桜Trick,10,0
さくらももこ劇場コジコジ,10,0
サザエさん,10,0
ささみさん@がんばらない,10,0
ささめきこと,10,0
さすがの猿飛,10,0
さすらいくん,10,0
さすらいの少女ネル,10,0
さすらいの太陽,10,0
殺戮の天使,10,0
さばげぶっ!,10,0
佐武と市捕物控,10,0
サムライガン,10,0
侍ジャイアンツ,10,0
サムライチャンプルー,10,0
サムライフラメンコ,10,0
さよなら絶望先生,10,0
さらざんまい,10,0
サラダ十勇士トマトマン,10,0
サラリーマン金太郎,10,0
3月のライオン,10,0
さんかれあ,10,0
残響のテロル,10,0
30歳の保健体育,10,0
三者三葉,10,0
山賊の娘ローニャ,10,0
サンリオ男子,10,0
しあわせソウのオコジョさん,11,0
ジーンシャフト,11,0
ジーンダイバー,11,0
ジェッターマルス,11,0
ジェネレイターガウル,11,0
しおんの王,11,0
四月は君の嘘,11,0
屍鬼,11,0
時空探偵ゲンシクン,11,0
シグルイ,11,0
地獄少女,11,0
地獄先生ぬ～べ～,11,0
シゴフミ,11,0
史上最強の弟子ケンイチ,11,0
シスター・プリンセス,11,0
七星のスバル,11,0
七人のナナ,11,0
実は私は,11,0
疾風!アイアンリーガー,11,0
シティーハンター,11,0
シティーハンター2,11,0
シティーハンター3,11,0
シティーハンター'91,11,0
エンジェル・ハート,11,0
シドニアの騎士,11,0
しにがみのバラッド。,11,0
ジバクくん,11,0
しばいぬ子さん,11,0
しばわんこの和のこころ,11,0
島んちゅMiRiKa,11,0
ジムボタン,11,0
下ネタという概念が存在しない退屈な世界,11,0
シャーマンキング,11,1
シャイニング・ティアーズ・クロス・ウィンド,11,0
灼眼のシャナ,11,0
邪神ちゃんドロップキック,11,0
じゃりン子チエ,11,0
ジャングル黒べえ,11,0
ジャングルの王者ターちゃん,11,0
ジャングルはいつもハレのちグゥ,11,0
ジャンケンマン,11,0
シャンプー王子,11,0
シュヴァルツェスマーケン,11,0
獣王星,11,0
銃皇無尽のファフニール,11,0
獣神ライガー,11,0
重戦機エルガイム,11,0
獣戦士ガルキーバ,11,0
柔道讃歌,11,0
十二国記,11,0
十二大戦,11,0
12歳。～ちっちゃなムネのトキメキ～,11,0
シュガシュガルーン,11,0
祝福のカンパネラ,11,0
しゅごキャラ!,11,0
出撃!マシンロボレスキュー,11,0
修羅の刻,11,0
純潔のマリア,11,0
純情ロマンチカ,11,0
純情ロマンチカ2,11,0
純情ロマンチカ3,11,0
女王陛下のプティアンジェ,11,0
城下町のダンデライオン,11,0
小公子セディ,11,0
小公女セーラ,11,0
少女革命ウテナ,11,0
少女終末旅行,11,0
少女たちは荒野を目指す,11,0
少年アシベ,11,0
少年陰陽師,11,0
少年メイド,11,0
消滅都市,11,0
昭和アホ草紙あかぬけ一番!,11,0
昭和元禄落語心中,11,0
食戟のソーマ,11,1
女子かう生,11,0
女子高生の無駄づかい,11,0
じょしらく,11,0
白雪姫の伝説,11,0
しろくまカフェ,11,0
深海伝説MEREMANOID,11,0
神曲奏界ポリフォニカ,11,0
進撃の巨人,11,1
真拳伝説タイトロード,11,0
神魂合体ゴーダンナー!!,11,0
新白雪姫伝説プリーティア,11,0
新世紀エヴァンゲリオン,11,1
神世紀伝マーズ,11,0
人生相談テレビアニメーション「人生」,11,0
新造人間キャシャーン,11,0
新宝島,11,0
慎重勇者～この勇者が俺TUEEEくせに慎重すぎる～,11,1
シンデレラ物語,11,0
神八剣伝,11,0
神秘の世界エルハザード,11,0
異次元の世界エルハザード,11,0
新妹魔王の契約者,11,0
真・女神転生デビチル,11,0
侵略!イカ娘,11,1
人類は衰退しました,11,0
翠星のガルガンティア,12,0
スーキャット,12,0
スージーちゃんとマービー,12,0
スーパーヅガン,12,0
スーパードール★リカちゃん,12,0
グランダー武蔵RV,12,0
ズーブルズ,12,0
スカイガールズ,12,0
好きっていいなよ。,12,0
スキップ・ビート!,12,0
好きなものは好きだからしょうがない!!,12,0
スクールランブル,12,0
スクライド,12,0
スクラップド・プリンセス,12,0
スケアクロウマン,12,0
涼宮ハルヒの憂鬱,12,1
長門有希ちゃんの消失,12,0
すすめ!キッチン戦隊クックルン,12,0
進めシスコン,12,0
スターオーシャンEX,12,0
スターシップ・オペレーターズ,12,0
スタミュ,12,0
ずっこけナイトドンデラマンチャ,12,0
スティッチ!,12,0
素敵探偵ラビリンス,12,0
ステラ女学院高等科C3部,12,0
ステラのまほう,12,0
ストライクウィッチーズ,12,1
ストライク・ザ・ブラッド,12,0
スレイヤーズ,12,0
スロウスタート,12,0
正解するカド,13,0
世紀末オカルト学院,13,0
セイクリッドセブン,13,0
聖剣使いの禁呪詠唱,13,0
聖剣の刀鍛冶,13,0
星刻の竜騎士,13,0
聖痕のクェイサー,13,0
聖痕のクェイサーII,13,0
星銃士ビスマルク,13,0
聖戦士ダンバイン,13,0
青春ブタ野郎はバニーガール先輩の夢を見ない,13,0
生徒会の一存,13,0
生徒会役員共,13,0
生徒会役員共*,13,0
セイバーマリオネットJ,13,0
セイバーマリオネットJtoX,13,0
星方天使エンジェルリンクス,13,0
星方武侠アウトロースター,13,0
声優戦隊ボイストーム7,13,0
精霊使いの剣舞,13,0
精霊の守り人,13,0
世界一初恋,13,0
世界一初恋2,13,0
世界征服～謀略のズヴィズダー～,13,0
世界でいちばん強くなりたい!,13,0
絶園のテンペスト,13,0
石膏ボーイズ,13,0
絶対可憐チルドレン,13,0
絶対少年,13,0
絶体絶命でんぢゃらすじーさん,13,0
絶対正義ラブフェロモン,13,0
絶対防衛レヴィアタン,13,0
絶対無敵ライジンオー,13,0
瀬戸の花嫁,13,0
セラフィムコール,13,0
ゼロから始める魔法の書,13,0
0戦はやと,13,0
ゼロの使い魔,13,1
世話やきキツネの仙狐さん,13,0
戦姫絶唱シンフォギア,13,0
戦姫絶唱シンフォギアG,13,0
戦姫絶唱シンフォギアGX,13,0
戦姫絶唱シンフォギアAXZ,13,0
戦姫絶唱シンフォギアXV,13,0
閃光のナイトレイド,13,0
戦国乙女～桃色パラドックス～,13,0
戦国コレクション,13,0
戦国BASARA,13,1
戦国魔神ゴーショーグン,13,0
千銃士,13,0
せんせいのお時間,13,0
聖ルミナス女学院,13,0
ぜんまいざむらい,13,0
戦勇。,13,0
閃乱カグラ,13,0
全力ウサギ,13,0
川柳少女,13,0
ゾイドフューザーズ,14,0
ゾイドジェネシス,14,0
蒼穹のファフナー,14,0
装甲騎兵ボトムズ,14,0
奏光のストレイン,14,0
創聖のアクエリオン,14,0
アクエリオンEVOL,14,0
アクエリオンロゴス,14,0
蒼天航路,14,0
蒼天の拳,14,0
ソウルイーター,14,0
ソウルイーターノット!,14,0
ソードアート・オンライン,14,1
ソニックX,14,0
そふてにっ,14,0
ソラとウミのアイダ,14,0
そらのおとしもの,14,0
そらのおとしものf,14,0
宙のまにまに,14,0
天体のメソッド,14,0
ソ・ラ・ノ・ヲ・ト,14,0
宇宙よりも遠い場所,14,0
宇宙をかける少女,14,0
空を見上げる少女の瞳に映る世界,14,0
それが声優!,14,0
それでも世界は美しい,14,0
それでも町は廻っている,14,0
それゆけ!宇宙戦艦ヤマモト・ヨーコ,14,0
ゾンビランドサガ,14,0
だぁ!だぁ!だぁ!,15,0
ダーティペア,15,0
ダーリン・イン・ザ・フランキス,15,0
タイガーマスク,15,0
タイガーマスクW,15,0
大空魔竜ガイキング,15,0
大正野球娘。,15,0
タイタニア,15,0
大図書館の羊飼い,15,0
タイドライン・ブルー,15,0
たいむとらぶるトンデケマン!,15,0
タイムボカン,15,0
ゼンダマン,15,0
タイムパトロール隊オタスケマン,15,0
ヤットデタマン,15,0
逆転イッパツマン,15,0
イタダキマン,1,0
ダイヤのA,15,1
太陽の牙ダグラム,15,0
太陽の子エステバン,15,0
太陽の勇者ファイバード,15,0
ダイバージェンス・イヴ,15,0
だがしかし,15,0
だがしかし2,15,0
たくのみ。,15,0
田中くんはいつもけだるげ,15,0
だから僕は、Hができない。,15,0
タクティカルロア,15,0
たこやきマントマン,15,0
黄昏乙女×アムネジア,15,0
戦え!オスパー,15,0
多田くんは恋をしない,15,0
ダッシュ勝平,15,0
ダッシュ!四駆郎,15,0
タッチ,15,0
盾の勇者の成り上がり,15,1
楽しいウイロータウン,15,0
たまこまーけっと,15,0
たまゆら～hitotose～,15,0
たまゆら～もあぐれっしぶ～,15,0
球詠,15,0
ダメおやじ,15,0
だめっこどうぶつ,15,0
断裁分離のクライムエッジ,15,0
男子高校生の日常,15,0
ダンジョンに出会いを求めるのは間違っているだろうか,15,1
ダンタリアンの書架,15,0
だんちがい,15,0
団地ともお,15,0
探偵学園Q,15,0
探偵少年カゲマン,15,0
旦那が何を言っているかわからない件,15,0
ダンボール戦機,15,0
ダンボール戦機W,15,0
ダンボール戦機WARS,15,0
チア男子!!,16,0
チーズスイートホーム,16,0
地球少女アルジュナ,16,0
地球防衛企業ダイ・ガード,16,0
地球防衛家族,16,0
チックンタックン,16,0
ちっちゃな雪使いシュガー,16,0
ちとせげっちゅ!!,16,0
ちはやふる,16,1
ちはやふる2,16,0
ちはやふる3,16,0
ちびっ子怪獣ヤダモン,16,0
ちび☆デビ!,16,0
ちびまる子ちゃん,16,0
チャージマン研!,16,0
チャンス～トライアングルセッション～,16,0
中華一番!,16,0
中二病でも恋がしたい!,16,0
中二病でも恋がしたい!戀,16,0
ちゅーぶら!!,16,0
超音戦士ボーグマン,16,0
超可動ガール1/6,16,0
超くせになりそう,16,0
超攻速ガルビオン,16,0
マクロス7,34,0
超時空世紀オーガス,16,0
超時空騎団サザンクロス,16,0
超者ライディーン,16,0
超獣機神ダンクーガ,16,0
獣装機攻ダンクーガノヴァ,16,0
超重神グラヴィオン,16,0
超人高校生たちは異世界でも余裕で生き抜くようです!,16,0
超人戦隊バラタック,16,0
超速スピナー,16,0
超速変形ジャイロゼッター,16,0
超特急ヒカリアン,16,0
電光超特急ヒカリアン,16,0
超変身コス∞プレイヤー,16,0
超ぽじてぃぶ!ファイターズ,16,0
ちょこッとSister,16,0
チョコレート・アンダーグラウンド,16,0
ちょびっツ,16,0
チロリン村物語,16,0
珍豪ムチャ兵衛,16,0
チンプイ,16,0
ついでにとんちんかん,17,0
通常攻撃が全体攻撃で二回攻撃のお母さんは好きですか?,17,0
月がきれい,17,0
つくもがみ貸します,17,0
つぐもも,17,0
継つぐもも,17,0
ツヨシしっかりしなさい,17,0
釣りキチ三平,17,0
つり球,17,0
釣りバカ日誌,17,0
つるピカハゲ丸くん,17,0
つる姫じゃ～っ!,17,0
徒然チルドレン,18,0
ティアーズ・トゥ・ティアラ,18,0
ディーふらぐ!,18,0
ディスク・ウォーズ:アベンジャーズ,18,0
てーきゅう,18,0
高宮なすのです!,18,0
うさかめ,18,0
デート・ア・ライブ,18,0
テガミバチ,18,0
てさぐれ!部活もの,18,0
デ・ジ・キャラット,18,0
ぱにょぱにょデ・ジ・キャラット,18,0
デ・ジ・キャラットにょ,18,0
ウィンターガーデン,18,0
デジタル所さん,18,0
手品先輩,18,0
デジモンアドベンチャー,18,1
デジモンアドベンチャー02,18,0
デジモンテイマーズ,18,0
デジモンフロンティア,18,0
デス・パレード,18,0
デスマーチからはじまる異世界狂想曲,18,0
鉄拳チンミ,18,0
鉄子の旅,18,0
デッドマン・ワンダーランド,18,0
テニスの王子様,18,0
デビルマン,18,0
デビルマンレディー,18,0
出ましたっ!パワパフガールズZ,18,0
亜人ちゃんは語りたい,18,0
デュアル!ぱられルンルン物語,18,0
デュラララ!!,18,1
デュラララ!!×2,18,0
テラフォーマーズ,18,0
デルトラクエスト,18,0
テルマエ・ロマエ,18,0
テンカイナイト,18,0
デンキ街の本屋さん,18,0
天空戦記シュラト,18,0
天空のエスカフローネ,18,0
天元突破グレンラガン,18,0
天才バカボン,18,0
深夜!天才バカボン,18,0
天使な小生意気,18,0
天使になるもんっ!,18,0
天使の3P!,18,0
天使のどろっぷ,18,0
天上天下,18,0
転生したらスライムだった件,18,1
伝説巨神イデオン,18,0
伝説の勇者ダ・ガーン,18,0
伝説の勇者の伝説,18,0
天体戦士サンレッド,18,0
てんとう虫の歌,18,0
電脳冒険記ウェブダイバー,18,0
電脳コイル,18,0
電波女と青春男,18,0
電波教師,18,0
ドアマイガーD,19,0
とある飛空士への恋歌,19,0
とある魔術の禁書目録,19,1
とある科学の超電磁砲,19,1
とある科学の超電磁砲S,19,0
とある科学の一方通行,19,1
とある科学の超電磁砲T,19,0
桃華月憚,19,0
東京アンダーグラウンド,19,0
東京ESP,19,0
東京喰種トーキョーグール,19,1
東京喰種トーキョーグール√A,19,0
東京喰種トーキョーグール:re,19,0
東京マグニチュード8.0,19,0
東京ミュウミュウ,19,0
東京レイヴンズ,19,0
同居人はひざ、時々、頭のうえ。,19,0
闘士ゴーディアン,19,0
闘将ダイモス,19,0
ドージンワーク,19,0
トータル・イクリプス,19,0
闘魔鬼神伝ONI,19,0
咎狗の血,19,0
ドカチン,19,0
ドカベン,19,0
ときめきトゥナイト,19,0
特装機兵ドルバック,19,0
ど根性ガエル,19,0
図書館戦争,19,0
どっきりドクター,19,0
突撃!パッパラ隊,19,0
とっとこハム太郎,19,0
.hack//SIGN,19,0
.hack//黄昏の腕輪伝説,19,0
.hack//Roots,19,0
トッポ・ジージョ,19,0
ドテラマン,19,0
となグラ!,19,0
となりの怪物くん,19,0
となりの吸血鬼さん,19,0
となりの関くん,19,0
となりのたまげ太くん,19,0
とびだせ!バッチリ,19,0
とびだせ!マシーン飛竜,19,0
飛べ!イサミ,19,0
ドメスティックな彼女,19,0
トライガン,19,0
トライナイツ,19,0
トライブクルクル,19,0
ドラゴンクライシス!,19,0
ドラゴンコレクション,19,0
ドラゴンドライブ,19,0
ドラゴンボール,19,0
ドラゴンボールGT,19,0
ドラゴンボール超,19,0
トラップ一家物語,19,0
とらドラ!,19,0
トラブルチョコレート,19,0
トリアージX,19,0
トリコ,19,1
トリニティセブン,19,0
トリニティ・ブラッド,19,0
ドルフィン王子,19,0
トレインヒーロー,19,0
ドロロンえん魔くん,19,0
どろろんぱっ!,19,0
とんがり帽子のメモル,19,0
ドンキッコ,19,0
とんでぶーりん,19,0
とんでも戦士ムテキング,19,0
トンデラハウスの大冒険,19,0
曇天に笑う,19,0
ドン・ドラキュラ,19,0
ナースウィッチ小麦ちゃんR,20,0
ナースエンジェルりりかSOS,20,0
ながされて藍蘭島,20,0
ナカノヒトゲノム【実況中】,20,0
凪のあすから,20,0
ナジカ電撃作戦,20,0
ナゾトキネ,20,0
謎の彼女X,20,0
夏色キセキ,20,0
夏のあらし!,20,0
夏目友人帳,20,0
夏雪ランデブー,20,0
ななか6/17,20,0
ななこSOS,20,0
ななついろ★ドロップス,20,0
七つの海のティコ,20,0
隠の王,20,0
波打際のむろみさん,20,0
成恵の世界,20,0
なるたる,20,0
南国少年パプワくん,20,0
ナンダカベロニカ,20,0
ナンバカ,20,0
21エモン,21,0
二十面相の娘,21,0
ニセコイ,21,1
ニセコイ:,21,0
ニニンがシノブ伝,21,0
にゃんこい!,21,0
にゃんこデイズ,21,0
にゅるにゅる!!KAKUSENくん,21,0
ニル・アドミラリの天秤,21,0
ニルスのふしぎな旅,21,0
忍者戦士飛影,21,0
忍者玉丸,21,0
忍者ハットリくん,21,0
忍者マン一平,21,0
忍たま乱太郎,21,0
忍風カムイ外伝,21,0
忍ペンまん丸,21,0
ぬらりひょんの孫,22,1
ねぎぼうずのあさたろう,23,0
ネクスト戦記EHRGEIZ,23,0
猫神やおよろず,23,0
猫ラーメン,23,0
熱沙の覇王ガンダーラ,23,0
熱血最強ゴウザウラー,23,0
ネットゴーストPIPOPA,23,0
ネト充のススメ,23,0
農業ムスメ!,24,0
のうりん,24,0
ノーゲーム・ノーライフ,24,0
乃木坂春香の秘密,24,0
のだめカンタービレ,24,1
ののちゃん,24,0
信長協奏曲,24,0
ノブナガ・ザ・フール,24,0
ノブナガ先生の幼な妻,24,0
ノブナガン,24,0
ノラガミ,24,0
のらくろ,24,0
のらくろクン,24,0
のらみみ,24,0
のらみみ2,24,0
ノンタンといっしょ,24,0
のんのんびより,24,0
ハーイあっこです,25,0
はーいステップジュン,25,0
バーチャファイター,25,0
バーバパパ,25,0
ハーメルンのバイオリン弾き,25,0
はいからさんが通る,25,0
ハイキュー!!,25,1
ハイスクールD×D,25,0
ハイスクール・フリート,25,0
ハイスクールミステリー学園七不思議,25,0
ハイスコアガール,25,0
はいたい七葉,25,0
灰と幻想のグリムガル,25,1
はいぱーぽりす,25,0
灰羽連盟,25,0
覇王大系リューナイト,25,0
破壊魔定光,25,0
博多豚骨ラーメンズ,25,0
バカとテストと召喚獣,25,1
バカとテストと召喚獣にっ!,25,0
薄桜鬼,25,0
ばくおん!!,25,0
爆丸バトルブローラーズ,25,0
爆球連発!!スーパービーダマン,25,0
白鯨伝説,25,0
伯爵と妖精,25,0
ハクション大魔王,25,0
よばれてとびでて!アクビちゃん,43,0
アクビガール,0,0
爆走兄弟レッツ&ゴー!!,25,0
爆走兄弟レッツ&ゴー!!WGP,25,0
爆走兄弟レッツ&ゴー!!MAX,25,0
爆闘宣言ダイガンダー,25,0
ばくはつ五郎,25,0
幕末Rock,25,0
バクマン。,25,1
爆裂天使,25,0
爆れつハンター,25,0
はぐれ勇者の鬼畜美学,25,0
バケツでごはん,25,0
化物語,25,1
偽物語,25,0
猫物語（黒）,25,0
憑物語,25,0
終物語,25,0
続・終物語,25,0
はじめ人間ギャートルズ,25,0
はじめ人間ゴン,25,0
はじめの一歩,25,0
破邪巨星Gダンガイオー,25,0
バスカッシュ!,25,0
働きマン,25,0
パタパタ飛行船の冒険,25,0
はたらく細胞,25,1
はたらく魔王さま!,25,0
パタリロ西遊記!,25,0
八月のシンデレラナイン,25,0
バチカン奇跡調査官,25,0
ハチミツとクローバー,25,0
ハチミツとクローバーII,25,0
八犬伝―東方八犬異聞―,25,0
初恋限定。,25,0
ハッスルパンチ,25,0
はっぴーカッピ,25,0
ハッピーシュガーライフ,25,0
発明BOYカニパン,25,0
超発明BOYカニパン,25,0
バディ・コンプレックス,25,0
破天荒遊戯,25,0
花右京メイド隊,25,0
はなかっぱ,25,0
花さか天使テンテンくん,25,0
花咲くいろは,25,0
花田少年史,25,0
花の子ルンルン,25,0
花のピュンピュン丸,25,0
花の魔法使いマリーベル,25,0
はなまる幼稚園,25,0
ハナヤマタ,25,0
花より男子,25,0
ハニーハニーのすてきな冒険,25,0
ハニ太郎です。,25,0
はねバド!,25,0
パパのいうことを聞きなさい!,25,0
母をたずねて三千里,25,0
はぴねす!,25,0
ハムスター倶楽部,25,0
ハヤテのごとく!,25,0
ばらかもん,25,0
はんだくん,25,0
パラッパラッパー,25,0
パラソルヘンべえ,25,0
破裏拳ポリマー,25,0
ハリスの旋風,25,0
はりもぐハーリー,25,0
遙かなる時空の中で3,25,0
はるかなレシーブ,25,0
ハロー!サンディベル,25,0
ハロー!レディリン,25,0
ぱんきす!2次元,25,0
叛逆性ミリオンアーサー,25,0
パンダーゼット,25,0
パンティ&ストッキングwithガーターベルト,25,0
パンでPeace!,25,0
万能文化猫娘,25,0
バンブーブレード,25,0
バンパイヤ,25,0
パンプキン・シザーズ,25,0
半分の月がのぼる空,25,0
陽あたり良好!,26,0
ピアノの森,26,0
ビーストサーガ,26,0
ピーターパンの冒険,26,0
ピーチガール,26,0
ヒートガイジェイ,26,0
ヒーローバンク,26,0
緋色の欠片,26,0
ピカイア!,26,0
東のエデン,26,0
光と水のダフネ,26,0
光の伝説,26,0
ヒカルの碁,26,1
ビキニ・ウォリアーズ,26,0
ピグマリオ,26,0
ひぐらしのなく頃に,26,1
ヒゲぴよ,26,0
ピコリーノの冒険,26,0
美少女戦士セーラームーン,26,1
ひそねとまそたん,26,0
ぴたテン,26,0
ひだまりスケッチ,26,0
陽だまりの樹,26,0
緋弾のアリア,26,0
緋弾のアリアAA,26,0
棺姫のチャイカ,26,0
ビッグX,26,0
新ビックリマン,26,0
スーパービックリマン,26,0
ビックリマン2000,26,0
祝!(ハピ☆ラキ)ビックリマン,26,0
ぴっちぴち♪しずくちゃん,26,0
ビデオ戦士レザリオン,26,0
ひとひら,26,0
ひとりじめマイヒーロー,26,0
ひとりぼっちの○○生活,26,0
美男高校地球防衛部LOVE!,26,0
美男高校地球防衛部LOVE!LOVE!,26,0
ひなこのーと,26,0
ヒナまつり,26,0
火ノ丸相撲,26,0
美肌一族,26,0
ビビッドレッド・オペレーション,26,0
ピポパポパトルくん,26,0
ひまわりっ!,26,0
火魅子伝,26,0
ひみつのアッコちゃん,26,0
ひめゴト,26,0
姫様ご用心,26,0
姫ちゃんのリボン,26,0
干物妹!うまるちゃん,26,0
干物妹!うまるちゃんR,26,0
百獣王ゴライオン,26,0
百錬の覇王と聖約の戦乙女,26,0
ヒャッコ,26,0
氷河戦士ガイスラッガー,26,0
ビリ犬,26,0
ビリ犬なんでも商会,26,0
ヒロイック・エイジ,26,0
びんちょうタン,26,0
瓶詰妖精,26,0
貧乏神が!,26,0
貧乏姉妹物語,26,0
ファイトだ!!ピュー太,27,0
ファーブル先生は名探偵,27,0
ファンタジスタドール,27,0
ファンタジックチルドレン,27,0
風夏,27,0
風人物語,27,0
ふぉうちゅんドッグす,27,0
フォトカノ,27,0
フォルツァ!ひでまる,27,0
不機嫌なモノノケ庵,27,0
ぷぎゅる,27,0
フクちゃん,27,0
ふしぎな島のフローネ,27,0
ふしぎなメルモ,27,0
ふしぎの海のナディア,27,1
ふしぎの国のアリス,27,0
ふしぎ遊戯,27,0
武装神姫,27,0
武装中学生,27,0
武装錬金,27,1
双恋,27,0
ふたつのスピカ,27,0
ふたり暮らし,27,0
ふたり鷹,27,0
ぷちぷり*ユーシィ,27,0
普通の女子校生が【ろこどる】やってみた。,27,0
ふなっしーのふなふなふな日和,27,0
プピポー!,27,0
ぶぶチャチャ,27,0
だいすき!ぶぶチャチャ,27,0
ブブキ・ブランキ,27,0
冬のソナタ,27,0
フライングベイビーズ,27,0
プラスティック・メモリーズ,27,0
ブラスレイター,27,0
ブラッククローバー,27,0
ブラック・ジャック21,27,0
ブラック・ブレット,27,0
ブラック★ロックシューター,27,0
ブラッドラッド,27,0
プラネテス,27,0
プラレス3四郎,27,0
ふたりはプリキュア,27,0
Yes!プリキュア5,27,0
Yes!プリキュア5GoGo!,27,0
フレッシュプリキュア!,27,0
ハートキャッチプリキュア!,27,0
スイートプリキュア♪,27,0
スマイルプリキュア!,27,0
ドキドキ!プリキュア,27,0
ハピネスチャージプリキュア!,27,0
Go!プリンセスプリキュア,27,0
魔法つかいプリキュア!,27,0
キラキラ☆プリキュアアラモード,27,0
HUGっと!プリキュア,27,0
スター☆トゥインクルプリキュア,27,0
プリズム・アーク,27,0
監獄学園,27,1
プリパラ,27,0
プリプリちぃちゃん!!,27,0
プリンセスチュチュ,27,0
プリンセス・プリンシパル,27,0
プリンセスラバー!,27,0
フルメタル・パニック!,27,0
フルメタル・パニック?ふもっふ,27,0
ぷるるんっ!しずくちゃん,27,0
ブレイドアンドソウル,27,0
プレイボール2nd,27,0
フレームアームズ・ガール,27,0
ブレンパワード,27,0
ブレンド・S,27,0
プロゴルファー猿,27,0
ブロッカー軍団IVマシーンブラスター,27,0
平成イヌ物語バウ,28,0
ベイビーステップ,28,0
ベイベーばあちゃん,28,0
へうげもの,28,0
へーい!ブンブー,28,0
ベターマン,28,0
ぺとぺとさん,28,0
ベムベムハンターこてんぐテン丸,28,0
ペリーヌ物語,28,0
ヘリタコぷーちゃん,28,0
ベルサイユのばら,28,0
べるぜバブ,28,0
ベルゼブブ嬢のお気に召すまま。,28,0
ペルソナ4,28,1
へろへろくん,28,0
ペンギンの問題,28,0
変ゼミ,28,0
変態王子と笑わない猫。,28,0
ベン・トー,28,0
ホイッスル!,29,0
放課後さいころ倶楽部,29,0
放課後のプレアデス,29,0
忘却の旋律,29,0
冒険王ビィト,29,0
冒険ガボテン島,29,0
冒険コロボックル,29,0
冒険少年シャダー,29,0
冒険遊記プラスターワールド,29,0
放浪息子,29,0
鬼灯の冷徹,29,0
ポールのミラクル大作戦,29,0
ボールルームへようこそ,29,0
僕だけがいない街,29,0
僕の妹は「大阪おかん」,29,0
ぼくは王さま,29,0
僕は友達が少ない,29,1
僕は友達が少ないNEXT,29,0
僕のヒーローアカデミア,29,0
僕等がいた,29,0
ぼくらの,29,0
僕らはみんな河合荘,29,0
ポコニャン!,29,0
星合の空,29,0
星空へ架かる橋,29,0
星のカービィ,29,0
星の子チョビン,29,0
星の子ポロン,29,0
ボスコアドベンチャー,29,0
ぽてまよ,29,0
炎のアルペンローゼ,29,0
ぼのぼの,29,0
ポプテピピック,29,0
ぽぽたん,29,0
ボボボーボ・ボーボボ,29,0
ポポロクロイス物語,29,0
ポヨポヨ観察日記,29,0
ポルフィの長い旅,29,0
ホワッツマイケル,29,0
ボンバーマンジェッターズ,29,0
マージナルプリンス～月桂樹の王子達～,30,0
まいっちんぐマチコ先生,30,0
マイリトルポニー～トモダチは魔法～,30,0
魔王様、リトライ!,30,0
まおゆう魔王勇者,30,1
魔界戦記ディスガイア,30,0
マギ,30,0
牧場の少女カトリ,30,0
魔境伝説アクロバンチ,30,0
枕男子,30,0
マケン姫っ!,30,0
マケン姫っ!通,30,0
マジカノ,30,0
まじかる☆タルるートくん,30,0
まじかるハット,30,0
まかでみ・WAっしょい!,30,0
まじっく快斗,30,0
まじっく快斗1412,30,0
真剣で私に恋しなさい!,30,0
まじもじるるも,30,0
魔獣戦士ルナ・ヴァルガー,30,0
魔術士オーフェン,30,0
マシュランボー,30,0
魔女っ子チックル,30,0
魔女っ子メグちゃん,30,0
魔神英雄伝ワタル,30,0
魔神英雄伝ワタル2,30,0
超魔神英雄伝ワタル,30,0
マジンガーZ,30,0
機巧少女は傷つかない,30,0
マシンハヤブサ,30,0
マジンボーン,30,0
マスターモスキートン'99,30,0
魔装学園H×H,30,0
魔探偵ロキRAGNAROK,30,0
魔弾の王と戦姫,30,0
まちカドまぞく,30,1
まっすぐにいこう。,30,0
マッハGoGoGo,30,0
魔動王グランゾート,30,0
魔豆奇伝パンダリアン,30,0
魔乳秘剣帖,30,0
まぶらほ,30,0
魔法科高校の劣等生,30,1
魔法少女育成計画,30,0
魔法少女サイト,30,0
魔法少女隊アルス,30,0
魔法少女大戦,30,0
魔法少女特殊戦あすか,30,0
魔法少女なんてもういいですから。,30,0
魔法少女なんてもういいですから。セカンドシーズン,30,0
魔法少女プリティサミー,30,0
魔法少女ララベル,30,0
魔法少女リリカルなのは,30,1
魔法少女リリカルなのはViVid,30,0
魔法陣グルグル,30,0
魔法戦士リウイ,30,0
魔法先生ネギま!,30,0
魔法戦争,30,0
魔法使いサリー,30,0
魔法使いTai!,30,0
魔法使いチャッピー,30,0
魔法遣いに大切なこと,30,0
魔法使いの嫁,30,0
魔法のエンジェルスイートミント,30,0
魔法のスターマジカルエミ,30,0
魔法のステージファンシーララ,30,0
魔法の天使クリィミーマミ,30,0
魔法のマコちゃん,30,0
魔法の妖精ペルシャ,30,0
まぼろしまぼちゃん,30,0
まほろまてぃっく,30,0
ママは小学4年生,30,0
ママはぽよぽよザウルスがお好き,30,0
ママレード・ボーイ,30,0
まめうしくん,30,0
まもって守護月天!,30,0
まもって!ロリポップ,30,0
護くんに女神の祝福を!,30,0
迷い猫オーバーラン!,30,0
まよチキ!,30,0
マリア様がみてる,30,0
まりあ†ほりっく,30,0
マリー&ガリー,30,0
丸出だめ夫,30,0
輪るピングドラム,30,0
まんがーる!,30,0
マンガ家さんとアシスタントさんと,30,0
まんが猿飛佐助,30,0
ミームいろいろ夢の旅,31,0
未確認で進行形,31,0
ミカグラ学園組曲,31,0
みかん絵日記,31,0
ミクロイドS,31,0
水色時代,31,0
ミスター味っ子,31,0
ミチコとハッチン,31,0
ミッドナイトホラースクール,31,0
みつどもえ,31,0
三つ目がとおる,31,0
美鳥の日々,31,0
みどりのマキバオー,31,0
みなみけ,31,0
みなみけおかわり,31,0
南の虹のルーシー,31,0
みならいディーバ,31,0
未来警察ウラシマン,31,0
未来少年コナン,31,0
ミラクル☆ガールズ,31,0
ミラクルジャイアンツ童夢くん,31,0
ミラクル少女リミットちゃん,31,0
ミラクル☆トレイン,31,0
ミリオンドール,31,0
みりたり!,31,0
みんな集まれ!ファルコム学園,31,0
みんな集まれ!ファルコム学園SC,31,0
ムーの白鯨,32,0
ムーミン,32,0
ムカムカパラダイス,32,0
無限戦記ポトリス,32,0
無限の住人,32,0
無限のリヴァイアス,32,0
無彩限のファントム・ワールド,32,0
六三四の剣,32,0
ムシウタ,32,0
ムシブギョー,32,0
無人惑星サヴァイヴ,32,0
無責任艦長タイラー,32,0
無敵王トライゼノン,32,0
無敵看板娘,32,0
無敵鋼人ダイターン3,32,0
無敵超人ザンボット3,32,0
無敵ロボトライダーG7,32,0
ムヒョとロージーの魔法律相談事務所,32,1
明治東亰恋伽,33,0
名たんていカゲマン,33,0
名探偵コナン,33,1
名探偵ホームズ,33,0
メイドインアビス,33,0
メイプルストーリー,33,0
名門!第三野球部,33,0
メカクシティアクターズ,33,0
メガネブ!,33,0
女神候補生,33,0
メジャーセカンド,33,0
めぞん一刻,33,0
めだかボックス,33,1
メタルファイター・MIKU,33,0
メダロット魂,33,0
めちゃっこドタコン,33,0
妄想代理人,34,0
もーれつア太郎,34,0
モーレツ宇宙海賊,34,0
もえたん,34,0
燃える!お兄さん,34,0
もし高校野球の女子マネージャーがドラッカーの『マネジメント』を読んだら,34,0
モジャ公,34,0
もっけ,34,0
モノクローム・ファクター,34,0
モノノ怪,34,0
モブサイコ100,34,1
ももいろシスターズ,34,0
モモキュンソード,34,0
もやしもん,34,0
森のトントたち,34,0
モリゾーとキッコロ,34,0
森田さんは無口,34,0
モンキーターンV,34,0
モンスターファーム～円盤石の秘密～,34,0
モンスターファーム～伝説への道～,34,0
モンスター娘のいる日常,34,0
問題児たちが異世界から来るそうですよ?,34,0
モンタナ・ジョーンズ,34,0
焼きたて!!ジャぱん,35,1
野球狂の詩,35,0
薬師寺涼子の怪奇事件簿,35,0
約束のネバーランド,35,0
ヤダモン,35,0
やっとかめ探偵団,35,0
八十亀ちゃんかんさつにっき,35,0
やはり俺の青春ラブコメはまちがっている。,35,0
やはり俺の青春ラブコメはまちがっている。続,35,0
山田くんと7人の魔女,35,0
ヤマトナデシコ七変化♥,35,0
ヤマノススメ,35,0
ヤミと帽子と本の旅人,35,0
闇の末裔,35,0
遊☆戯☆王,36,1
遊☆戯☆王デュエルモンスターズ,36,0
遊☆戯☆王デュエルモンスターズGX,36,0
遊☆戯☆王5D's,36,0
遊☆戯☆王ZEXAL,36,0
遊☆戯☆王VRAINS,36,0
結城友奈は勇者である,36,0
勇者エクスカイザー,36,0
勇者王ガオガイガー,36,0
勇者警察ジェイデッカー,36,0
勇者指令ダグオン,36,0
勇者特急マイトガイン,36,0
勇者になれなかった俺はしぶしぶ就職を決意しました。,36,0
勇者ライディーン,36,0
遊星仮面,36,0
遊星少年パピイ,36,0
夕やけ番長,36,0
夢色パティシエール,36,0
夢喰いメリー,36,0
夢戦士ウイングマン,36,0
夢使い,36,0
夢のクレヨン王国,36,0
ゆめりあ,36,0
ゆゆ式,36,0
ゆらぎ荘の幽奈さん,36,0
ユリ熊嵐,36,0
ユルアニ?,36,0
ゆるキャン△,36,0
ゆるゆり,36,0
ゆるゆり♪♪,36,0
妖怪アパートの幽雅な日常,37,0
妖怪ウォッチ,37,0
妖怪人間ベム,37,0
ようこそ実力至上主義の教室へ,37,0
よくわかる現代魔法,37,0
吉永さん家のガーゴイル,37,0
四畳半神話大系,37,0
ヨスガノソラ,37,0
よばれてとびでて!アクビちゃん,37,0
アクビガール,37,0
夜ノヤッターマン,37,0
鎧伝サムライトルーパー,37,0
よろしくメカドック,37,0
弱虫ペダル,37,0
よんでますよ、アザゼルさん。,37,0
よんでますよ、アザゼルさん。Z,37,0
ラーゼフォン,40,0
ラーメン大好き小泉さん,40,0
らいむいろ戦奇譚,40,0
らき☆すた,40,1
ラクエンロジック,40,0
落語天女おゆい,40,0
落第騎士の英雄譚,40,0
ラ・セーヌの星,40,0
ラブ★コン,40,0
ラブひな,40,0
ラブライブ!,40,0
ラブライブ!サンシャイン!!,40,1
恋愛ラボ,40,0
らんぽう,40,0
陸上防衛隊まおちゃん,41,0
リコーダーとランドセル,41,0
リストランテ・パラディーゾ,41,0
りぜるまいん,41,0
リトルウィッチアカデミア,41,0
リトルバスターズ!,41,0
リボンの騎士,41,0
りゅうおうのおしごと!,41,0
龍ヶ嬢七々々の埋蔵金,41,0
流星戦隊ムスメット,41,0
輪廻のラグランジェ,41,0
レインボー戦隊ロビン,43,0
レーカン!,43,0
烈火の炎,43,0
レディジョージィ,43,0
れでぃ×ばと!,43,0
レディレディ!!,43,0
レベルE,43,0
レンタルマギカ,43,0
ロウきゅーぶ!,44,0
ロウきゅーぶ!SS,44,0
ローゼンメイデン,44,0
ローリング☆ガールズ,44,0
六神合体ゴッドマーズ,44,0
鹿楓堂よついろ日和,44,0
ログ・ホライズン,44,0
六門天外モンコレナイト,44,0
ロケットガール,44,0
ロザリオとバンパイア,44,0
ロスト・ユニバース,44,0
六花の勇者,44,0
ロビーとケロビー,44,0
ロボカーポリー,44,0
ロボタン,44,0
ろぼっ子ビートン,44,0
ロボットガールズZ,44,0
ロミオ×ジュリエット,44,0
ロミオの青い空,44,0
ワールドトリガー,45,0
ワカコ酒,45,1
わかば*ガール,45,0
我が家のお稲荷さま。,45,0
私がモテてどうすんだ,45,0
私がモテないのはどう考えてもお前らが悪い!,45,0
私に天使が舞い降りた!,45,0
私のあしながおじさん,45,0
笑ゥせぇるすまん,45,0
笑ゥせぇるすまんNEW,45,0
ワンダーベビルくん,45,0
わんぱく探偵団,45,0
ワンパンマン,45,1
ヲタクに恋は難しい,46,1